<?xml version="1.0" encoding="UTF-8" ?>
<openerp>
    <data>
	<record id="stock_picking_inactive_form_view_inherit" model="ir.ui.view">
            <field name="name">stock.picking.inactive</field>
            <field name="model">stock.picking</field>
            <field name="type">form</field>
            <field name="inherit_id" ref="stock.view_picking_out_form"/>
            <field name="arch" type="xml">
            <field name="type" position="after">
                <field name="active"/>
            </field>
            </field>
        </record>
   </data>
</openerp>